{
    "paper": {
        "width_mm": 210,
        "height_mm": 297
    },
    "image_points": [
        [
            7.0,
            37.0
        ],
        [
            342.0,
            51.0
        ],
        [
            346.0,
            499.0
        ],
        [
            19.0,
            498.0
        ]
    ],
    "real_points": [
        [
            0.0,
            0.0
        ],
        [
            210.0,
            0.0
        ],
        [
            210.0,
            297.0
        ],
        [
            0.0,
            297.0
        ]
    ],
    "homography": [
        [
            0.6084328580860108,
            -0.0158377316638441,
            -3.6730339350398435
        ],
        [
            -0.026256104329152305,
            0.6282710678761437,
            -23.062236781113253
        ],
        [
            -8.178601371573638e-05,
            -4.881879359626798e-05,
            1.0
        ]
    ]
}